14-07-16_5701539e-d9bf-11ec-95d9-28dfeb6a105c.jpg,['BLO65LBF'],,
14-07-23_5b5844e9-d9bf-11ec-af35-28dfeb6a105c.jpg,['BLe654BP'],,
14-08-56_92c7d3bb-d9bf-11ec-acbf-28dfeb6a105c.jpg,['SA0335c0'],,
14-09-04_97ae5414-d9bf-11ec-8166-28dfeb6a105c.jpg,['SA0335c0'],,
14-09-16_9ee54e96-d9bf-11ec-a475-28dfeb6a105c.jpg,['MHIZDE1433'],,
22-05-22,14-15-00,14-15-00_6b92b51f-d9c0-11ec-b2f5-28dfeb6a105c.jpg,[]
22-05-22,14-22-01,14-22-01_669605f4-d9c1-11ec-9699-28dfeb6a105c.jpg,[]
22-05-22,14-22-05,14-22-05_69092549-d9c1-11ec-a203-28dfeb6a105c.jpg,['MHIZDE1433']
22-05-22,14-22-27,14-22-27_75eb6396-d9c1-11ec-bd77-28dfeb6a105c.jpg,['SA0335CC']
22-05-22,14-22-32,14-22-32_792a5795-d9c1-11ec-82cc-28dfeb6a105c.jpg,[]
22-05-22,14-22-34,14-22-34_7a3f8999-d9c1-11ec-b969-28dfeb6a105c.jpg,[]
22-05-22,14-22-39,14-22-39_7d7b5f02-d9c1-11ec-b5be-28dfeb6a105c.jpg,[]
22-05-22,14-22-43,14-22-43_7fa3ba3a-d9c1-11ec-bbd9-28dfeb6a105c.jpg,['SA0335C0']
22-05-22,14-22-45,14-22-45_80bad1bf-d9c1-11ec-a631-28dfeb6a105c.jpg,['FSA0335cq']
22-05-22,14-22-47,14-22-47_81f7ccad-d9c1-11ec-ab2b-28dfeb6a105c.jpg,['0vooqu']
22-05-22,14-22-49,14-22-49_830e5cc0-d9c1-11ec-b560-28dfeb6a105c.jpg,['[Teooodz']
22-05-22,14-22-51,14-22-51_842d1af5-d9c1-11ec-b579-28dfeb6a105c.jpg,['Ie000dz']
22-05-22,14-22-52,14-22-52_854cad6c-d9c1-11ec-8149-28dfeb6a105c.jpg,['IVeoooo7']
22-05-22,14-22-54,14-22-54_866d4b31-d9c1-11ec-afbc-28dfeb6a105c.jpg,['[Tao000z']
22-05-22,14-23-02,14-23-02_8af2f673-d9c1-11ec-9c9a-28dfeb6a105c.jpg,['BLO654BP']
22-05-22,14-23-04,14-23-04_8c0cd8c2-d9c1-11ec-8a92-28dfeb6a105c.jpg,[]
22-05-22,14-23-06,14-23-06_8d29bada-d9c1-11ec-9d7d-28dfeb6a105c.jpg,['BLO654BP']
22-05-22,14-23-08,14-23-08_8e4f7630-d9c1-11ec-99ac-28dfeb6a105c.jpg,['BLO6SLBP']
22-05-22,14-23-12,14-23-12_90b000e4-d9c1-11ec-a864-28dfeb6a105c.jpg,['BLO654BP']
22-05-22,14-23-14,14-23-14_91e0a5a0-d9c1-11ec-8a59-28dfeb6a105c.jpg,['BLe654BP']
22-05-22,14-23-16,14-23-16_93927c38-d9c1-11ec-a9dd-28dfeb6a105c.jpg,[]
22-05-22,14-23-18,14-23-18_94af752f-d9c1-11ec-b4e6-28dfeb6a105c.jpg,[]
22-05-22,14-23-22,14-23-22_96dc21c3-d9c1-11ec-80f3-28dfeb6a105c.jpg,[]
22-05-22,14-23-24,14-23-24_97fc58fe-d9c1-11ec-8c64-28dfeb6a105c.jpg,[]
22-05-22,14-23-27,14-23-27_9a2632d8-d9c1-11ec-84a2-28dfeb6a105c.jpg,[]
22-05-22,14-23-29,14-23-29_9b40596c-d9c1-11ec-8b7d-28dfeb6a105c.jpg,[]
22-05-22,14-23-31,14-23-31_9c5ddacb-d9c1-11ec-a85d-28dfeb6a105c.jpg,[]
22-05-22,14-23-38,14-23-38_a0a2ba76-d9c1-11ec-8414-28dfeb6a105c.jpg,[]
22-05-22,14-27-17,14-27-17_2337a2ca-d9c2-11ec-93b1-28dfeb6a105c.jpg,['unreadable']
22-05-22,14-27-19,14-27-19_2450a419-d9c2-11ec-b9c4-28dfeb6a105c.jpg,['unreadable']
22-05-22,14-27-21,14-27-21_2568cdd8-d9c2-11ec-8d3a-28dfeb6a105c.jpg,['ORU']
22-05-22,14-27-23,14-27-23_267e84a1-d9c2-11ec-8e42-28dfeb6a105c.jpg,['BO1RU']
22-05-22,14-36-38,14-36-38_71896161-d9c3-11ec-94ca-28dfeb6a105c.jpg,['unreadable']
