22-06-18,18-20-43,18-20-43_385cf6ad-ef1a-11ec-8769-28dfeb6a105c.jpg,['MH1ZDE1433']
22-06-18,18-21-15,18-21-15_4ba8d842-ef1a-11ec-8a8d-28dfeb6a105c.jpg,['SA0335C0']
22-06-18,18-22-21,18-22-21_72980aca-ef1a-11ec-84cf-28dfeb6a105c.jpg,['TO0O0Z']
22-06-18,18-23-10,18-23-10_8fb15730-ef1a-11ec-b82d-28dfeb6a105c.jpg,['BLO654BP']
22-06-18,18-25-35,18-25-35_e67c1823-ef1a-11ec-bf78-28dfeb6a105c.jpg,['BLO654BP']
22-06-18,18-26-42,18-26-42_0e1d515b-ef1b-11ec-ab52-28dfeb6a105c.jpg,['BO1ERU']
22-06-18,18-29-06,18-29-06_6457e875-ef1b-11ec-a60d-28dfeb6a105c.jpg,['BOERU']
22-06-18,18-30-31,18-30-31_9709af21-ef1b-11ec-b812-28dfeb6a105c.jpg,['B147093']
22-06-18,18-31-13,18-31-13_b0012093-ef1b-11ec-8a15-28dfeb6a105c.jpg,['MS74ARH']
22-06-18,18-32-36,18-32-36_e12aeaff-ef1b-11ec-b68f-28dfeb6a105c.jpg,['AR99KTA']
22-06-18,18-33-19,18-33-19_fb2dfa8e-ef1b-11ec-83eb-28dfeb6a105c.jpg,['CI26FAN']
22-06-18,18-34-54,18-34-54_33489657-ef1c-11ec-9153-28dfeb6a105c.jpg,['PHZBBAR']
22-06-18,19-16-27,19-16-27_018c78b1-ef22-11ec-bd7a-28dfeb6a105c.jpg,['MNHI2DE1433']
22-06-18,19-17-01,19-17-01_15bb0883-ef22-11ec-9645-28dfeb6a105c.jpg,['MHTZDE1433']
22-06-18,19-36-30,19-36-30_cec7e4fd-ef24-11ec-bfe6-28dfeb6a105c.jpg,['MH1ZDE1433]']
22-06-18,19-37-01,19-37-01_e0d51272-ef24-11ec-b14f-28dfeb6a105c.jpg,['UNREADABLE']
22-06-18,19-38-43,19-38-43_1db26534-ef25-11ec-910c-28dfeb6a105c.jpg,['MH12DE14334']
22-06-18,19-39-16,19-39-16_31c3d1bb-ef25-11ec-b01f-28dfeb6a105c.jpg,['SA0335C0']
22-06-18,19-40-01,19-40-01_4c232735-ef25-11ec-8689-28dfeb6a105c.jpg,['BLO65LBP']
22-06-18,19-41-05,19-41-05_72b24228-ef25-11ec-8bc0-28dfeb6a105c.jpg,['BLO65LBP']
22-06-18,20-13-33,20-13-33_fb92948e-ef29-11ec-9239-28dfeb6a105c.jpg,['BOIERU']
22-06-18,20-22-09,20-22-09_2eee3420-ef2b-11ec-80c9-28dfeb6a105c.jpg,['VL888LEX']
22-06-18,20-25-55,20-25-55_b615143a-ef2b-11ec-8210-28dfeb6a105c.jpg,['V888LEX']
22-06-18,20-26-15,20-26-15_c1f66d1a-ef2b-11ec-b626-28dfeb6a105c.jpg,['VIB88LEX']
22-06-18,20-27-04,20-27-04_ded4aa22-ef2b-11ec-b2a1-28dfeb6a105c.jpg,['B147093']
22-06-18,20-28-17,20-28-17_0a33985c-ef2c-11ec-844f-28dfeb6a105c.jpg,['B147093']
22-06-18,20-29-00,20-29-00_23de16a6-ef2c-11ec-9181-28dfeb6a105c.jpg,['B147093']
22-06-18,20-30-56,20-30-56_69744982-ef2c-11ec-8546-28dfeb6a105c.jpg,['B147093']
22-06-18,20-31-07,20-31-07_6ff0b74f-ef2c-11ec-a9c3-28dfeb6a105c.jpg,['B147093']
22-06-18,20-32-36,20-32-36_a4c92146-ef2c-11ec-9e3b-28dfeb6a105c.jpg,['3147093']
22-06-18,20-33-13,20-33-13_baa9aed1-ef2c-11ec-880b-28dfeb6a105c.jpg,['3147093']
