22-06-19,16-27-29,16-27-29_9127e9da-efd3-11ec-9695-28dfeb6a105c.jpg,['SA0335c0']
22-06-19,16-28-10,16-28-10_a9e77d79-efd3-11ec-9158-28dfeb6a105c.jpg,['840335c0']
22-06-19,16-29-01,16-29-01_c7f3c710-efd3-11ec-bf43-28dfeb6a105c.jpg,['SA0335C0']
22-06-19,16-30-43,16-30-43_04a454ff-efd4-11ec-b4de-28dfeb6a105c.jpg,['BLe65LBP]']
22-06-19,16-31-01,16-31-01_0fba7ace-efd4-11ec-91c8-28dfeb6a105c.jpg,['BLP654BP']
22-06-19,16-33-56,16-33-56_77b26f98-efd4-11ec-842c-28dfeb6a105c.jpg,['BLO6S4BP']
22-06-19,16-34-00,16-34-00_7a32f519-efd4-11ec-ad54-28dfeb6a105c.jpg,['BLO654BP']
22-06-19,16-43-17,16-43-17_c61516a0-efd5-11ec-afab-28dfeb6a105c.jpg,['BLe654BP']
22-06-19,16-44-00,16-44-00_e0033163-efd5-11ec-a976-28dfeb6a105c.jpg,['BLP654BP']
22-06-19,17-26-44,17-26-44_d81ac1c2-efdb-11ec-b61d-28dfeb6a105c.jpg,['BOIERU']
22-06-19,17-58-22,17-58-22_4392bf74-efe0-11ec-b9a9-28dfeb6a105c.jpg,['VLR88LEX']
22-06-19,18-03-36,18-03-36_fe629f79-efe0-11ec-8b66-28dfeb6a105c.jpg,['VL888LEX']
22-06-19,18-05-15,18-05-15_39a8cb9f-efe1-11ec-a35f-28dfeb6a105c.jpg,['M888LEX']
22-06-19,18-06-02,18-06-02_55c8f33f-efe1-11ec-a273-28dfeb6a105c.jpg,['VL888LEX']
22-06-19,18-07-24,18-07-24_86aa010b-efe1-11ec-97f3-28dfeb6a105c.jpg,['VLBB8LEX']
22-06-19,18-09-00,18-09-00_bfbe902a-efe1-11ec-ba78-28dfeb6a105c.jpg,['VL8B8LEX']
22-06-19,18-38-53,18-38-53_ec40d9ca-efe5-11ec-9bd3-28dfeb6a105c.jpg,['unreadable']
22-06-19,18-39-02,18-39-02_f1874978-efe5-11ec-8bfd-28dfeb6a105c.jpg,['unreadable']
22-06-19,18-47-57,18-47-57_30fb7fb1-efe7-11ec-bd0d-28dfeb6a105c.jpg,['BL2654BP']
22-06-19,18-48-00,18-48-00_327755be-efe7-11ec-b82b-28dfeb6a105c.jpg,['BL9654BP']
22-06-19,18-49-51,18-49-51_74d82054-efe7-11ec-ade9-28dfeb6a105c.jpg,['BLO654BP']
22-06-19,18-50-55,18-50-55_9ac9752a-efe7-11ec-9ffa-28dfeb6a105c.jpg,['BL654BP']
22-06-19,18-51-00,18-51-00_9d7fa89b-efe7-11ec-b070-28dfeb6a105c.jpg,['BO654BPL']
22-06-19,18-56-44,18-56-44_6aa32525-efe8-11ec-8a7a-28dfeb6a105c.jpg,['BLO654BP']
22-06-19,19-00-30,19-00-30_f163901c-efe8-11ec-b569-28dfeb6a105c.jpg,['unreadable']
22-06-19,19-20-33,19-20-33_be546ec2-efeb-11ec-8fda-28dfeb6a105c.jpg,['BLe654BP']
22-06-19,19-21-01,19-21-01_cf5e5ab1-efeb-11ec-af3e-28dfeb6a105c.jpg,['0654BPI']
22-06-19,19-22-04,19-22-04_f50a3a29-efeb-11ec-94b7-28dfeb6a105c.jpg,['BLO654BP']
22-06-19,19-23-43,19-23-43_2fb59ef8-efec-11ec-9d83-28dfeb6a105c.jpg,['BLO654BP']
22-06-19,19-42-46,19-42-46_d8ca07c4-efee-11ec-802f-28dfeb6a105c.jpg,['BLO654BP']
22-06-19,19-43-16,19-43-16_eb00bb92-efee-11ec-a11b-28dfeb6a105c.jpg,['BLO654BP']
