22-06-19,16-27-27,16-27-27_8fe74502-efd3-11ec-8b33-28dfeb6a105c.jpg,['SAe335c0']
22-06-19,16-27-29,16-27-29_9127e9da-efd3-11ec-9695-28dfeb6a105c.jpg,['SA0335c0']
22-06-19,16-27-31,16-27-31_9267b8c2-efd3-11ec-b507-28dfeb6a105c.jpg,['SA0335c0']
22-06-19,16-27-33,16-27-33_93a8c906-efd3-11ec-bbb3-28dfeb6a105c.jpg,['SA0335c0']
22-06-19,16-27-35,16-27-35_94f0c3a0-efd3-11ec-802c-28dfeb6a105c.jpg,['SAe335c0']
22-06-19,16-27-37,16-27-37_9631d6e6-efd3-11ec-ad06-28dfeb6a105c.jpg,['SA0335c0']
22-06-19,16-27-40,16-27-40_977dba3e-efd3-11ec-a8df-28dfeb6a105c.jpg,['SAe335c0l']
22-06-19,16-27-42,16-27-42_98db34bb-efd3-11ec-815b-28dfeb6a105c.jpg,['SA0335C0']
22-06-19,16-27-45,16-27-45_9a8dd9da-efd3-11ec-97d4-28dfeb6a105c.jpg,['SAe335c0']
22-06-19,16-27-47,16-27-47_9bceaf39-efd3-11ec-9f51-28dfeb6a105c.jpg,['SAe335c0']
22-06-19,16-27-49,16-27-49_9d156c50-efd3-11ec-ba09-28dfeb6a105c.jpg,['SA0335c0']
22-06-19,16-27-59,16-27-59_a35f5bbf-efd3-11ec-bbc4-28dfeb6a105c.jpg,['SA0335c0']
22-06-19,16-28-02,16-28-02_a4a197b9-efd3-11ec-8c5d-28dfeb6a105c.jpg,['SAv335c0']
22-06-19,16-28-04,16-28-04_a5e95339-efd3-11ec-b2ff-28dfeb6a105c.jpg,['Av335c0']
22-06-19,16-28-06,16-28-06_a7298131-efd3-11ec-af65-28dfeb6a105c.jpg,['SAe335c0l']
22-06-19,16-28-08,16-28-08_a8a5ddfe-efd3-11ec-b5b8-28dfeb6a105c.jpg,['SA0335c01']
22-06-19,16-28-10,16-28-10_a9e77d79-efd3-11ec-9158-28dfeb6a105c.jpg,['SAe335c0']
22-06-19,16-28-13,16-28-13_ab321883-efd3-11ec-a67c-28dfeb6a105c.jpg,['SAe335c0']
22-06-19,16-28-15,16-28-15_acad7d87-efd3-11ec-85ad-28dfeb6a105c.jpg,['SAe335c0l']
22-06-19,16-28-17,16-28-17_adf30733-efd3-11ec-b8fe-28dfeb6a105c.jpg,['SAe335c0']
22-06-19,16-28-20,16-28-20_af72be91-efd3-11ec-b588-28dfeb6a105c.jpg,['SAe335c0l']
22-06-19,16-28-22,16-28-22_b0d0f0e3-efd3-11ec-b7b3-28dfeb6a105c.jpg,['SAe335c0']
22-06-19,16-28-54,16-28-54_c3b9f266-efd3-11ec-9be4-28dfeb6a105c.jpg,['840335c0']
22-06-19,16-28-56,16-28-56_c50d41dd-efd3-11ec-919d-28dfeb6a105c.jpg,['[SA6335c0']
22-06-19,16-28-59,16-28-59_c6ab61c5-efd3-11ec-9477-28dfeb6a105c.jpg,['ISA6335c0']
22-06-19,16-29-01,16-29-01_c7f3c710-efd3-11ec-bf43-28dfeb6a105c.jpg,['SA0335C0']
22-06-19,16-29-03,16-29-03_c93e090f-efd3-11ec-b01e-28dfeb6a105c.jpg,['SA0335C0']
22-06-19,16-29-07,16-29-07_cbc01c18-efd3-11ec-a148-28dfeb6a105c.jpg,['SA0335C0']
22-06-19,16-29-09,16-29-09_cd0a9613-efd3-11ec-b76c-28dfeb6a105c.jpg,['SA0335C0']
22-06-19,16-29-14,16-29-14_cf9576fe-efd3-11ec-98a5-28dfeb6a105c.jpg,['SA0335C0']
22-06-19,16-29-22,16-29-22_d4aae952-efd3-11ec-b805-28dfeb6a105c.jpg,['SA0335C0']
22-06-19,16-30-43,16-30-43_04a454ff-efd4-11ec-b4de-28dfeb6a105c.jpg,['BL%GS4 ']
22-06-19,16-30-49,16-30-49_086e065b-efd4-11ec-8d74-28dfeb6a105c.jpg,['BL965LBP']
22-06-19,16-30-51,16-30-51_09ad78fa-efd4-11ec-b050-28dfeb6a105c.jpg,['BLO65LBP']
22-06-19,16-30-57,16-30-57_0ce6620b-efd4-11ec-aa72-28dfeb6a105c.jpg,['BLe65LBP]']
22-06-19,16-30-59,16-30-59_0e5deabf-efd4-11ec-ac8b-28dfeb6a105c.jpg,['BLO65LBPL']
22-06-19,16-31-01,16-31-01_0fba7ace-efd4-11ec-91c8-28dfeb6a105c.jpg,['BLO654BP']
22-06-19,16-31-08,16-31-08_13adf0c3-efd4-11ec-b07f-28dfeb6a105c.jpg,['BLP654BP']
22-06-19,16-31-10,16-31-10_153af313-efd4-11ec-bdde-28dfeb6a105c.jpg,['BL965LBP']
22-06-19,16-31-13,16-31-13_167eb325-efd4-11ec-8939-28dfeb6a105c.jpg,['BLO654BP']
22-06-19,16-31-15,16-31-15_17bd9208-efd4-11ec-833e-28dfeb6a105c.jpg,['BLO654BP}']
22-06-19,16-31-17,16-31-17_19011c0b-efd4-11ec-93cc-28dfeb6a105c.jpg,['BLO654BP']
22-06-19,16-31-19,16-31-19_1a3e3b57-efd4-11ec-ba59-28dfeb6a105c.jpg,['BLO65LBP']
22-06-19,16-31-22,16-31-22_1c3d8fb7-efd4-11ec-9aee-28dfeb6a105c.jpg,['BLe654BP']
22-06-19,16-31-24,16-31-24_1d7f897e-efd4-11ec-815f-28dfeb6a105c.jpg,['BLe654BP']
22-06-19,16-33-56,16-33-56_77b26f98-efd4-11ec-842c-28dfeb6a105c.jpg,['BLO6S4BP']
22-06-19,16-33-58,16-33-58_78f6cd91-efd4-11ec-b390-28dfeb6a105c.jpg,['unreadable']
22-06-19,16-34-00,16-34-00_7a32f519-efd4-11ec-ad54-28dfeb6a105c.jpg,['BLO654BP']
22-06-19,16-34-02,16-34-02_7b6fad17-efd4-11ec-bd57-28dfeb6a105c.jpg,['BLO654BP']
22-06-19,16-34-04,16-34-04_7caefc8b-efd4-11ec-90f4-28dfeb6a105c.jpg,['BLP654BP']
22-06-19,16-43-17,16-43-17_c61516a0-efd5-11ec-afab-28dfeb6a105c.jpg,['BLe654BP']
22-06-19,16-43-19,16-43-19_c74d9b00-efd5-11ec-bd6c-28dfeb6a105c.jpg,['BLO654BP']
22-06-19,16-44-00,16-44-00_e0033163-efd5-11ec-a976-28dfeb6a105c.jpg,['BLP65LBP']
22-06-19,16-44-02,16-44-02_e1459667-efd5-11ec-8570-28dfeb6a105c.jpg,['Be65LBP']
22-06-19,16-44-04,16-44-04_e27bd4ed-efd5-11ec-9c5e-28dfeb6a105c.jpg,['BL9654BP']
22-06-19,16-44-06,16-44-06_e3bfb042-efd5-11ec-bd07-28dfeb6a105c.jpg,['BL O654BP']
22-06-19,16-44-09,16-44-09_e5443606-efd5-11ec-b42b-28dfeb6a105c.jpg,['BLe654BP']
22-06-19,16-44-54,16-44-54_004b610a-efd6-11ec-bb59-28dfeb6a105c.jpg,['unreadable']
22-06-19,16-44-56,16-44-56_018b340b-efd6-11ec-8fd9-28dfeb6a105c.jpg,['B O1ERU']
22-06-19,16-44-59,16-44-59_0333c464-efd6-11ec-b940-28dfeb6a105c.jpg,['B OTERU']
22-06-19,17-26-44,17-26-44_d81ac1c2-efdb-11ec-b61d-28dfeb6a105c.jpg,['BOIERU']
22-06-19,17-26-51,17-26-51_dc26b882-efdb-11ec-af99-28dfeb6a105c.jpg,['unreadable']
22-06-19,17-58-22,17-58-22_4392bf74-efe0-11ec-b9a9-28dfeb6a105c.jpg,['VLR88LEX']
22-06-19,17-58-28,17-58-28_46ee48a0-efe0-11ec-8964-28dfeb6a105c.jpg,['VL888LEX']
22-06-19,18-03-36,18-03-36_fe629f79-efe0-11ec-8b66-28dfeb6a105c.jpg,['VIR38LEX']
22-06-19,18-03-38,18-03-38_00059700-efe1-11ec-ae98-28dfeb6a105c.jpg,['VL888LEX']
22-06-19,18-05-15,18-05-15_39a8cb9f-efe1-11ec-a35f-28dfeb6a105c.jpg,['VLB88LEX']
22-06-19,18-05-19,18-05-19_3c2e7529-efe1-11ec-ae0b-28dfeb6a105c.jpg,['MIR38LEX']
22-06-19,18-05-23,18-05-23_3e1c8775-efe1-11ec-8f31-28dfeb6a105c.jpg,['VLS38LEX']
22-06-19,18-05-28,18-05-28_41590944-efe1-11ec-b8f6-28dfeb6a105c.jpg,['VIB88LEX']
22-06-19,18-05-56,18-05-56_5244603c-efe1-11ec-909c-28dfeb6a105c.jpg,['M888LEX']
22-06-19,18-05-59,18-05-59_53a7c134-efe1-11ec-930d-28dfeb6a105c.jpg,['VI888LEX']
22-06-19,18-06-02,18-06-02_55c8f33f-efe1-11ec-a273-28dfeb6a105c.jpg,['VL888LEX']
22-06-19,18-07-24,18-07-24_86aa010b-efe1-11ec-97f3-28dfeb6a105c.jpg,['VLBB8LEX']
22-06-19,18-07-26,18-07-26_87f63b4c-efe1-11ec-af7b-28dfeb6a105c.jpg,['VLBB8LEX']
22-06-19,18-07-29,18-07-29_8934f0ca-efe1-11ec-afc0-28dfeb6a105c.jpg,['VLBB8LEX']
22-06-19,18-07-31,18-07-31_8a8e325a-efe1-11ec-bd9e-28dfeb6a105c.jpg,['VL8B8LEX']
22-06-19,18-07-35,18-07-35_8d306bee-efe1-11ec-95fa-28dfeb6a105c.jpg,['VL888LEX']
22-06-19,18-07-41,18-07-41_90d2c02f-efe1-11ec-9401-28dfeb6a105c.jpg,['VLBBBLEX']
22-06-19,18-09-00,18-09-00_bfbe902a-efe1-11ec-ba78-28dfeb6a105c.jpg,['VL8BBLEX']
22-06-19,18-09-02,18-09-02_c103a6ac-efe1-11ec-8f6b-28dfeb6a105c.jpg,['VLBB8LEX']
22-06-19,18-09-04,18-09-04_c23fcd58-efe1-11ec-a441-28dfeb6a105c.jpg,['VL8B8LEX']
22-06-19,18-38-53,18-38-53_ec40d9ca-efe5-11ec-9bd3-28dfeb6a105c.jpg,['unreadable']
22-06-19,18-38-55,18-38-55_ed8409db-efe5-11ec-bf5b-28dfeb6a105c.jpg,['unreadable']
22-06-19,18-38-57,18-38-57_eec4f9ac-efe5-11ec-a119-28dfeb6a105c.jpg,['unreadable']
22-06-19,18-38-59,18-38-59_f0062311-efe5-11ec-9d4d-28dfeb6a105c.jpg,['unreadable']
22-06-19,18-39-02,18-39-02_f1874978-efe5-11ec-8bfd-28dfeb6a105c.jpg,['unreadable']
22-06-19,18-47-57,18-47-57_30fb7fb1-efe7-11ec-bd0d-28dfeb6a105c.jpg,['BL2654BP']
22-06-19,18-48-00,18-48-00_327755be-efe7-11ec-b82b-28dfeb6a105c.jpg,['unreadable']
22-06-19,18-48-04,18-48-04_350a7ac4-efe7-11ec-81b9-28dfeb6a105c.jpg,['BL965LBP']
22-06-19,18-48-06,18-48-06_36596d88-efe7-11ec-a971-28dfeb6a105c.jpg,['unreadable']
22-06-19,18-48-09,18-48-09_37a39c33-efe7-11ec-9cff-28dfeb6a105c.jpg,['BL9654BP']
22-06-19,18-48-11,18-48-11_38f7e7f5-efe7-11ec-9fe4-28dfeb6a105c.jpg,['unreadable']
22-06-19,18-48-13,18-48-13_3a3d24fc-efe7-11ec-a868-28dfeb6a105c.jpg,['unreadable']
22-06-19,18-48-15,18-48-15_3b88833c-efe7-11ec-a10e-28dfeb6a105c.jpg,['unreadable']
22-06-19,18-48-19,18-48-19_3e0d7764-efe7-11ec-89ad-28dfeb6a105c.jpg,['BLO654BP']
22-06-19,18-49-51,18-49-51_74d82054-efe7-11ec-ade9-28dfeb6a105c.jpg,['unreadable']
22-06-19,18-49-54,18-49-54_763a4b17-efe7-11ec-8159-28dfeb6a105c.jpg,['BLO654BP']
22-06-19,18-50-55,18-50-55_9ac9752a-efe7-11ec-9ffa-28dfeb6a105c.jpg,['BL654BP']
22-06-19,18-50-57,18-50-57_9c09a344-efe7-11ec-9720-28dfeb6a105c.jpg,['B2654BPL']
22-06-19,18-51-00,18-51-00_9d7fa89b-efe7-11ec-b070-28dfeb6a105c.jpg,['BO654BPL']
22-06-19,18-51-02,18-51-02_9ec012e3-efe7-11ec-8fc6-28dfeb6a105c.jpg,['BLO654BPL']
22-06-19,18-56-44,18-56-44_6aa32525-efe8-11ec-8a7a-28dfeb6a105c.jpg,['unreadable']
22-06-19,18-56-46,18-56-46_6be92a98-efe8-11ec-8374-28dfeb6a105c.jpg,['unreadable']
22-06-19,18-56-48,18-56-48_6d34b35f-efe8-11ec-95ac-28dfeb6a105c.jpg,['BLO654BP']
22-06-19,18-56-52,18-56-52_6f5ea8e2-efe8-11ec-903b-28dfeb6a105c.jpg,['BLe654BPl']
22-06-19,19-00-30,19-00-30_f163901c-efe8-11ec-b569-28dfeb6a105c.jpg,['unreadable']
22-06-19,19-20-33,19-20-33_be546ec2-efeb-11ec-8fda-28dfeb6a105c.jpg,['BLe654BP']
22-06-19,19-20-36,19-20-36_c0290dd5-efeb-11ec-8aa0-28dfeb6a105c.jpg,['BLe654BP']
22-06-19,19-20-59,19-20-59_ce10ea25-efeb-11ec-8379-28dfeb6a105c.jpg,['B965482']
22-06-19,19-21-01,19-21-01_cf5e5ab1-efeb-11ec-af3e-28dfeb6a105c.jpg,['0654BP']
22-06-19,19-21-03,19-21-03_d0a7040b-efeb-11ec-8728-28dfeb6a105c.jpg,['0654BPI']
22-06-19,19-21-06,19-21-06_d1f11d37-efeb-11ec-869b-28dfeb6a105c.jpg,['unreadable']
22-06-19,19-21-08,19-21-08_d3355f70-efeb-11ec-904c-28dfeb6a105c.jpg,['O65LBP']
22-06-19,19-21-10,19-21-10_d47e3412-efeb-11ec-85d1-28dfeb6a105c.jpg,['0654BPL']
22-06-19,19-21-12,19-21-12_d5c65638-efeb-11ec-b80c-28dfeb6a105c.jpg,['6654BPI']
22-06-19,19-21-15,19-21-15_d7c88328-efeb-11ec-996a-28dfeb6a105c.jpg,['BLE65LBR']
22-06-19,19-21-18,19-21-18_d93f65b6-efeb-11ec-b67f-28dfeb6a105c.jpg,['BLO6S4BP]']
22-06-19,19-21-20,19-21-20_dab5f5e9-efeb-11ec-8890-28dfeb6a105c.jpg,['BLe654BP']
22-06-19,19-21-23,19-21-23_dc5fe634-efeb-11ec-bb34-28dfeb6a105c.jpg,['BLO654BP']
22-06-19,19-22-04,19-22-04_f50a3a29-efeb-11ec-94b7-28dfeb6a105c.jpg,['BLO65LBP']
22-06-19,19-22-07,19-22-07_f657b6e7-efeb-11ec-b566-28dfeb6a105c.jpg,['unreadable']
22-06-19,19-22-09,19-22-09_f797d8ec-efeb-11ec-be2d-28dfeb6a105c.jpg,['BLe65LBP']
22-06-19,19-22-11,19-22-11_f8d99311-efeb-11ec-b2c8-28dfeb6a105c.jpg,['BLO6S4BP']
22-06-19,19-22-15,19-22-15_fb0e1e95-efeb-11ec-9f73-28dfeb6a105c.jpg,['BLO654BP']
22-06-19,19-23-43,19-23-43_2fb59ef8-efec-11ec-9d83-28dfeb6a105c.jpg,['BLO654BP']
22-06-19,19-23-46,19-23-46_31d6335f-efec-11ec-8d25-28dfeb6a105c.jpg,['BLO654BP']
22-06-19,19-23-50,19-23-50_33efcdb8-efec-11ec-bbd1-28dfeb6a105c.jpg,['BLO654BP']
22-06-19,19-23-53,19-23-53_35f88c81-efec-11ec-b7ec-28dfeb6a105c.jpg,['BLO654BP']
22-06-19,19-23-57,19-23-57_37f56d24-efec-11ec-88da-28dfeb6a105c.jpg,['BLO6S4BPL']
22-06-19,19-42-46,19-42-46_d8ca07c4-efee-11ec-802f-28dfeb6a105c.jpg,['unreadable']
22-06-19,19-42-49,19-42-49_db0e2e33-efee-11ec-b6e1-28dfeb6a105c.jpg,['BLO654BP']
22-06-19,19-43-16,19-43-16_eb00bb92-efee-11ec-a11b-28dfeb6a105c.jpg,['unreadable']
22-06-19,19-43-18,19-43-18_ec5b2a7a-efee-11ec-adb4-28dfeb6a105c.jpg,['BLO654BP']
22-06-19,19-43-23,19-43-23_ef120394-efee-11ec-a27e-28dfeb6a105c.jpg,['BLO65LBP']
